No,Loop,SV_01,SV_02,SV_03,SV_04,SV_05,SV_06,SV_07,SV_08,SV_09,Flow SP (GPM),Flow Rate (GPM),C_Valve %Open,DPT_01 (PSI),DPT_02 (PSI),DPT_03 (PSI),DPT_04 (PSI),DPT_05 (PSI),DPT_06 (PSI),DPT_07 (PSI),DPT_08 (PSI),DPT_09 (PSI),DPT_10 (PSI),DPT_11 (PSI),GPT_01 (PSI),GPT_02 (PSI),GPT_03 (PSI)
1,Venturi Loop,CLOSED,CLOSED,CLOSED,OPEN,CLOSED,CLOSED,OPEN,OPEN,CLOSED,15,14.74,11.57,0.05,0.05,0.05,0.03,0.4,0.05,0.03,0.04,0.02,0.04,0.04,2.5,64.88,-0.41
1,Venturi Loop,CLOSED,CLOSED,CLOSED,OPEN,CLOSED,CLOSED,OPEN,OPEN,CLOSED,15,14.9,9.28,0.03,0.02,0.02,0.01,0.09,0.11,0.38,0.43,0.06,0.63,0.71,0.02,64.48,-0.45
1,Venturi Loop,CLOSED,CLOSED,CLOSED,OPEN,CLOSED,CLOSED,OPEN,OPEN,CLOSED,15,14.96,9.38,0.03,0.02,0.02,0.02,0.09,0.1,0.38,0.44,0.07,0.63,0.7,0.02,64.53,-0.42
1,Venturi Loop,CLOSED,CLOSED,CLOSED,OPEN,CLOSED,CLOSED,OPEN,OPEN,CLOSED,15,15.06,8.66,0.03,0.02,0.02,0.02,0.09,0.11,0.37,0.44,0.07,0.64,0.7,0.01,64.53,-0.44
1,Venturi Loop,CLOSED,CLOSED,CLOSED,OPEN,CLOSED,CLOSED,OPEN,OPEN,CLOSED,15,14.9,9.44,0.03,0.02,0.02,0.01,0.08,0.1,0.37,0.43,0.06,0.63,0.69,0.01,64.54,-0.42
1,Venturi Loop,CLOSED,CLOSED,CLOSED,OPEN,CLOSED,CLOSED,OPEN,OPEN,CLOSED,15,14.6,10.11,0.03,0.02,0.02,0.01,0.08,0.09,0.36,0.41,0.06,0.63,0.69,0.01,64.64,-0.41
1,Venturi Loop,CLOSED,CLOSED,CLOSED,OPEN,CLOSED,CLOSED,OPEN,OPEN,CLOSED,15,14.94,8.99,0.03,0.03,0.02,0.01,0.08,0.1,0.36,0.41,0.06,0.63,0.68,0,64.65,-0.38
1,Venturi Loop,CLOSED,CLOSED,CLOSED,OPEN,CLOSED,CLOSED,OPEN,OPEN,CLOSED,15,14.78,9.68,0.03,0.02,0.02,0.02,0.1,0.1,0.34,0.41,0.06,0.64,0.68,0,64.67,-0.37
1,Venturi Loop,CLOSED,CLOSED,CLOSED,OPEN,CLOSED,CLOSED,OPEN,OPEN,CLOSED,15,15.98,6.46,0.03,0.02,0.02,0.01,0.09,0.1,0.35,0.4,0.06,0.64,0.69,0,64.72,-0.4
1,Venturi Loop,CLOSED,CLOSED,CLOSED,OPEN,CLOSED,CLOSED,OPEN,OPEN,CLOSED,15,14.86,9.31,0.03,0.02,0.02,0.01,0.09,0.1,0.34,0.41,0.06,0.63,0.68,0,64.66,-0.37
1,Venturi Loop,CLOSED,CLOSED,CLOSED,OPEN,CLOSED,CLOSED,OPEN,OPEN,CLOSED,15,14.43,11.02,0.04,0.04,0.03,0.02,0.1,0.09,0.33,0.39,0.06,0.64,0.69,0,64.67,-0.42
1,Venturi Loop,CLOSED,CLOSED,CLOSED,OPEN,CLOSED,CLOSED,OPEN,OPEN,CLOSED,15,14.94,11.46,0.04,0.04,0.03,0.02,0.17,0.07,0.25,0.3,0.05,0.55,0.6,0.74,64.71,-0.42
1,Venturi Loop,CLOSED,CLOSED,CLOSED,OPEN,CLOSED,CLOSED,OPEN,OPEN,CLOSED,15,14.73,11.9,0.04,0.04,0.04,0.02,0.21,0.06,0.19,0.23,0.04,0.41,0.45,1.48,64.74,-0.38
1,Venturi Loop,CLOSED,CLOSED,CLOSED,OPEN,CLOSED,CLOSED,OPEN,OPEN,CLOSED,15,16.11,8.11,0.05,0.05,0.05,0.03,0.25,0.05,0.15,0.17,0.03,0.31,0.34,2,64.7,-0.36
1,Venturi Loop,CLOSED,CLOSED,CLOSED,OPEN,CLOSED,CLOSED,OPEN,OPEN,CLOSED,15,16.13,7.84,0.04,0.05,0.04,0.03,0.27,0.05,0.12,0.14,0.03,0.23,0.26,2.41,64.75,-0.39
1,Venturi Loop,CLOSED,CLOSED,CLOSED,OPEN,CLOSED,CLOSED,OPEN,OPEN,CLOSED,15,14.93,11.18,0.04,0.04,0.04,0.03,0.3,0.04,0.1,0.11,0.03,0.18,0.2,2.71,64.77,-0.39
1,Venturi Loop,CLOSED,CLOSED,CLOSED,OPEN,CLOSED,CLOSED,OPEN,OPEN,CLOSED,15,14.96,11.22,0.04,0.04,0.03,0.03,0.28,0.04,0.08,0.09,0.03,0.13,0.16,2.92,64.77,-0.36
1,Venturi Loop,CLOSED,CLOSED,CLOSED,OPEN,CLOSED,CLOSED,OPEN,OPEN,CLOSED,15,14.93,11.39,0.04,0.04,0.03,0.03,0.3,0.03,0.07,0.07,0.03,0.11,0.13,3.07,64.78,-0.36
1,Venturi Loop,CLOSED,CLOSED,CLOSED,OPEN,CLOSED,CLOSED,OPEN,OPEN,CLOSED,15,15.16,10.53,0.06,0.05,0.04,0.03,0.35,0.03,0.06,0.07,0.03,0.09,0.11,3.21,64.77,-0.35
1,Venturi Loop,CLOSED,CLOSED,CLOSED,OPEN,CLOSED,CLOSED,OPEN,OPEN,CLOSED,15,14.81,11.54,0.05,0.05,0.04,0.03,0.32,0.04,0.06,0.07,0.03,0.08,0.09,3.26,64.76,-0.38
1,Venturi Loop,CLOSED,CLOSED,CLOSED,OPEN,CLOSED,CLOSED,OPEN,OPEN,CLOSED,15,14.66,11.79,0.05,0.04,0.04,0.03,0.28,0.04,0.06,0.07,0.03,0.08,0.08,3.33,64.78,-0.39
1,Venturi Loop,CLOSED,CLOSED,CLOSED,OPEN,CLOSED,CLOSED,OPEN,OPEN,CLOSED,15,14.78,11.25,0.05,0.05,0.04,0.03,0.32,0.03,0.05,0.05,0.03,0.07,0.07,3.37,64.78,-0.38
1,Venturi Loop,CLOSED,CLOSED,CLOSED,OPEN,CLOSED,CLOSED,OPEN,OPEN,CLOSED,15,14.84,11.33,0.06,0.05,0.04,0.03,0.34,0.04,0.05,0.06,0.03,0.06,0.06,3.4,64.74,-0.36
1,Venturi Loop,CLOSED,CLOSED,CLOSED,OPEN,CLOSED,CLOSED,OPEN,OPEN,CLOSED,15,15.15,10.62,0.05,0.05,0.04,0.03,0.33,0.03,0.04,0.05,0.03,0.06,0.06,3.43,64.72,-0.38
1,Venturi Loop,CLOSED,CLOSED,CLOSED,OPEN,CLOSED,CLOSED,OPEN,OPEN,CLOSED,15,34.97,15.6,0.17,0.31,0.25,0.08,1.35,0.17,0.25,0.27,0.14,0.16,0.17,22.95,36.52,-10.07
1,Venturi Loop,CLOSED,CLOSED,CLOSED,OPEN,CLOSED,CLOSED,OPEN,OPEN,CLOSED,15,16.88,12.63,0.15,0.24,0.2,0.06,1.14,0.13,0.2,0.21,0.11,0.15,0.13,18.74,42.48,-8.29
1,Venturi Loop,CLOSED,CLOSED,CLOSED,OPEN,CLOSED,CLOSED,OPEN,OPEN,CLOSED,15,14.82,11.99,0.13,0.19,0.16,0.05,0.92,0.1,0.15,0.16,0.09,0.13,0.1,14.62,47.91,-6.58
1,Venturi Loop,CLOSED,CLOSED,CLOSED,OPEN,CLOSED,CLOSED,OPEN,OPEN,CLOSED,15,14.99,11.36,0.11,0.15,0.13,0.04,0.75,0.08,0.13,0.13,0.08,0.11,0.09,11.5,51.96,-5.3
1,Venturi Loop,CLOSED,CLOSED,CLOSED,OPEN,CLOSED,CLOSED,OPEN,OPEN,CLOSED,15,15.09,10.84,0.1,0.13,0.11,0.04,0.63,0.07,0.11,0.11,0.07,0.1,0.07,9.21,54.95,-4.33
1,Venturi Loop,CLOSED,CLOSED,CLOSED,OPEN,CLOSED,CLOSED,OPEN,OPEN,CLOSED,15,14.72,12.11,0.09,0.11,0.09,0.03,0.57,0.06,0.09,0.1,0.05,0.08,0.06,7.83,56.65,-3.8
1,Venturi Loop,CLOSED,CLOSED,CLOSED,OPEN,CLOSED,CLOSED,OPEN,OPEN,CLOSED,15,15.61,9.64,0.07,0.08,0.08,0.03,0.48,0.05,0.08,0.08,0.05,0.07,0.05,6.39,58.48,-3.22
1,Venturi Loop,CLOSED,CLOSED,CLOSED,OPEN,CLOSED,CLOSED,OPEN,OPEN,CLOSED,15,14.94,11.4,0.06,0.06,0.07,0.03,0.44,0.05,0.07,0.07,0.05,0.07,0.04,5.45,59.65,-2.87
1,Venturi Loop,CLOSED,CLOSED,CLOSED,OPEN,CLOSED,CLOSED,OPEN,OPEN,CLOSED,15,14.83,11.77,0.06,0.05,0.07,0.03,0.42,0.05,0.07,0.07,0.04,0.06,0.04,4.79,60.54,-2.62
1,Venturi Loop,CLOSED,CLOSED,CLOSED,OPEN,CLOSED,CLOSED,OPEN,OPEN,CLOSED,15,15.16,10.99,0.07,0.06,0.07,0.03,0.39,0.05,0.07,0.07,0.04,0.05,0.04,4.28,61.24,-2.43
1,Venturi Loop,CLOSED,CLOSED,CLOSED,OPEN,CLOSED,CLOSED,OPEN,OPEN,CLOSED,15,14.93,11.6,0.07,0.06,0.07,0.02,0.37,0.05,0.06,0.06,0.04,0.05,0.04,3.92,61.76,-2.3
1,Venturi Loop,CLOSED,CLOSED,CLOSED,OPEN,CLOSED,CLOSED,OPEN,OPEN,CLOSED,15,14.93,11.54,0.06,0.05,0.06,0.02,0.35,0.04,0.06,0.06,0.04,0.05,0.03,3.65,62.14,-2.2
1,Venturi Loop,CLOSED,CLOSED,CLOSED,OPEN,CLOSED,CLOSED,OPEN,OPEN,CLOSED,15,15.01,11.13,0.05,0.05,0.05,0.02,0.35,0.04,0.05,0.05,0.03,0.04,0.03,3.46,62.45,-2.05
1,Venturi Loop,CLOSED,CLOSED,CLOSED,OPEN,CLOSED,CLOSED,OPEN,OPEN,CLOSED,15,14.93,11.54,0.06,0.05,0.05,0.02,0.38,0.04,0.05,0.05,0.03,0.05,0.03,3.3,62.63,-1.99
1,Venturi Loop,CLOSED,CLOSED,CLOSED,OPEN,CLOSED,CLOSED,OPEN,OPEN,CLOSED,15,14.78,11.77,0.06,0.04,0.04,0.02,0.41,0.03,0.05,0.05,0.04,0.04,0.04,3.21,62.77,-1.92
1,Venturi Loop,CLOSED,CLOSED,CLOSED,OPEN,CLOSED,CLOSED,OPEN,OPEN,CLOSED,15,14.84,9.14,0.02,0.02,0.02,0.02,0.09,0.1,0.36,0.44,0.05,0.58,0.66,0.06,64.43,-0.54
1,Venturi Loop,CLOSED,CLOSED,CLOSED,OPEN,CLOSED,CLOSED,OPEN,OPEN,CLOSED,15,15.4,8.1,0.02,0.02,0.02,0.02,0.08,0.11,0.37,0.46,0.05,0.57,0.65,0.05,64.55,-0.52
1,Venturi Loop,CLOSED,CLOSED,CLOSED,OPEN,CLOSED,CLOSED,OPEN,OPEN,CLOSED,15,14.81,9.04,0.02,0.01,0.02,0.02,0.08,0.11,0.37,0.45,0.05,0.57,0.64,0.03,64.64,-0.49
1,Venturi Loop,CLOSED,CLOSED,CLOSED,OPEN,CLOSED,CLOSED,OPEN,OPEN,CLOSED,15,14.78,9.33,0.02,0.01,0.02,0.02,0.07,0.11,0.37,0.45,0.05,0.56,0.65,0.02,64.62,-0.49
1,Venturi Loop,CLOSED,CLOSED,CLOSED,OPEN,CLOSED,CLOSED,OPEN,OPEN,CLOSED,15,14.88,9.1,0.02,0.01,0.02,0.02,0.08,0.11,0.38,0.46,0.05,0.57,0.63,0.02,64.66,-0.5
1,Venturi Loop,CLOSED,CLOSED,CLOSED,OPEN,CLOSED,CLOSED,OPEN,OPEN,CLOSED,15,14.7,9.47,0.03,0.02,0.02,0.02,0.09,0.11,0.38,0.46,0.06,0.58,0.64,0.01,64.71,-0.51
1,Venturi Loop,CLOSED,CLOSED,CLOSED,OPEN,CLOSED,CLOSED,OPEN,OPEN,CLOSED,15,14.87,9.36,0.03,0.02,0.02,0.02,0.09,0.11,0.36,0.43,0.06,0.58,0.64,0.01,64.7,-0.47
1,Venturi Loop,CLOSED,CLOSED,CLOSED,OPEN,CLOSED,CLOSED,OPEN,OPEN,CLOSED,15,15.09,8.24,0.03,0.02,0.02,0.02,0.08,0.1,0.35,0.41,0.06,0.58,0.62,0.01,64.68,-0.44
1,Venturi Loop,CLOSED,CLOSED,CLOSED,OPEN,CLOSED,CLOSED,OPEN,OPEN,CLOSED,15,15.96,6.1,0.02,0.02,0.02,0.02,0.09,0.09,0.34,0.39,0.06,0.57,0.61,0.01,64.64,-0.44
1,Venturi Loop,CLOSED,CLOSED,CLOSED,OPEN,CLOSED,CLOSED,OPEN,OPEN,CLOSED,15,13.64,14.7,0.04,0.03,0.03,0.02,0.11,0.09,0.3,0.35,0.07,0.53,0.58,0.27,64.65,-0.41
1,Venturi Loop,CLOSED,CLOSED,CLOSED,OPEN,CLOSED,CLOSED,OPEN,OPEN,CLOSED,15,15.13,10.78,0.03,0.03,0.03,0.01,0.13,0.08,0.24,0.27,0.06,0.41,0.44,1.16,64.66,-0.42
1,Venturi Loop,CLOSED,CLOSED,CLOSED,OPEN,CLOSED,CLOSED,OPEN,OPEN,CLOSED,15,14.87,11.29,0.03,0.04,0.03,0.02,0.18,0.07,0.2,0.22,0.06,0.32,0.34,1.8,64.67,-0.44
1,Venturi Loop,CLOSED,CLOSED,CLOSED,OPEN,CLOSED,CLOSED,OPEN,OPEN,CLOSED,15,15.17,10.32,0.03,0.04,0.03,0.02,0.23,0.06,0.16,0.18,0.05,0.24,0.26,2.28,64.7,-0.43
1,Venturi Loop,CLOSED,CLOSED,CLOSED,OPEN,CLOSED,CLOSED,OPEN,OPEN,CLOSED,15,14.57,11.82,0.04,0.04,0.04,0.02,0.24,0.05,0.14,0.16,0.05,0.2,0.23,2.54,64.7,-0.44
1,Venturi Loop,CLOSED,CLOSED,CLOSED,OPEN,CLOSED,CLOSED,OPEN,OPEN,CLOSED,15,15.15,10.73,0.04,0.05,0.04,0.02,0.25,0.05,0.12,0.13,0.04,0.16,0.18,2.82,64.75,-0.42
1,Venturi Loop,CLOSED,CLOSED,CLOSED,OPEN,CLOSED,CLOSED,OPEN,OPEN,CLOSED,15,15.91,8.17,0.05,0.05,0.04,0.02,0.28,0.05,0.1,0.11,0.05,0.13,0.15,3.03,64.76,-0.41
1,Venturi Loop,CLOSED,CLOSED,CLOSED,OPEN,CLOSED,CLOSED,OPEN,OPEN,CLOSED,15,14.7,11.61,0.05,0.05,0.05,0.02,0.3,0.05,0.09,0.1,0.04,0.1,0.12,3.18,64.79,-0.4
1,Venturi Loop,CLOSED,CLOSED,CLOSED,OPEN,CLOSED,CLOSED,OPEN,OPEN,CLOSED,15,14.76,11.43,0.05,0.05,0.05,0.02,0.3,0.05,0.08,0.09,0.04,0.08,0.1,3.27,64.78,-0.43
1,Venturi Loop,CLOSED,CLOSED,CLOSED,OPEN,CLOSED,CLOSED,OPEN,OPEN,CLOSED,15,15.49,9.47,0.05,0.04,0.04,0.02,0.32,0.04,0.07,0.07,0.03,0.07,0.1,3.34,64.72,-0.42
1,Venturi Loop,CLOSED,CLOSED,CLOSED,OPEN,CLOSED,CLOSED,OPEN,OPEN,CLOSED,15,14.68,11.74,0.05,0.04,0.04,0.02,0.36,0.04,0.06,0.07,0.04,0.06,0.08,3.39,64.72,-0.42
1,Venturi Loop,CLOSED,CLOSED,CLOSED,OPEN,CLOSED,CLOSED,OPEN,OPEN,CLOSED,15,15.03,10.67,0.05,0.04,0.04,0.02,0.36,0.04,0.06,0.06,0.03,0.06,0.08,3.43,64.69,-0.41
1,Venturi Loop,CLOSED,CLOSED,CLOSED,OPEN,CLOSED,CLOSED,OPEN,OPEN,CLOSED,15,14.84,11.4,0.05,0.04,0.04,0.02,0.35,0.04,0.05,0.05,0.04,0.05,0.07,3.48,64.72,-0.43
1,Venturi Loop,CLOSED,CLOSED,CLOSED,OPEN,CLOSED,CLOSED,OPEN,OPEN,CLOSED,15,15.8,8.74,0.05,0.03,0.04,0.03,0.39,0.03,0.05,0.05,0.03,0.05,0.06,3.53,64.7,-0.42
1,Venturi Loop,CLOSED,CLOSED,CLOSED,OPEN,CLOSED,CLOSED,OPEN,OPEN,CLOSED,15,14.66,11.7,0.06,0.04,0.05,0.03,0.37,0.02,0.04,0.04,0.03,0.05,0.06,3.55,64.71,-0.43
1,Venturi Loop,CLOSED,CLOSED,CLOSED,OPEN,CLOSED,CLOSED,OPEN,OPEN,CLOSED,15,14.93,11.15,0.05,0.04,0.04,0.03,0.31,0.04,0.06,0.06,0.04,0.05,0.05,3.53,64.69,-0.43
1,Venturi Loop,CLOSED,CLOSED,CLOSED,OPEN,CLOSED,CLOSED,OPEN,OPEN,CLOSED,15,14.75,11.39,0.05,0.03,0.04,0.02,0.31,0.04,0.05,0.05,0.04,0.06,0.05,3.52,64.73,-0.43
1,Venturi Loop,CLOSED,CLOSED,CLOSED,OPEN,CLOSED,CLOSED,OPEN,OPEN,CLOSED,15,15,10.95,0.06,0.05,0.05,0.03,0.32,0.04,0.05,0.05,0.04,0.06,0.04,3.55,64.73,-0.41
1,Venturi Loop,CLOSED,CLOSED,CLOSED,OPEN,CLOSED,CLOSED,OPEN,OPEN,CLOSED,15,15.51,9.71,0.05,0.05,0.04,0.03,0.35,0.04,0.05,0.05,0.04,0.05,0.04,3.57,64.73,-0.41
1,Venturi Loop,CLOSED,CLOSED,CLOSED,OPEN,CLOSED,CLOSED,OPEN,OPEN,CLOSED,15,14.91,11.23,0.05,0.05,0.05,0.03,0.35,0.04,0.05,0.05,0.04,0.06,0.04,3.57,64.69,-0.38
1,Venturi Loop,CLOSED,CLOSED,CLOSED,OPEN,CLOSED,CLOSED,OPEN,OPEN,CLOSED,15,14.7,11.39,0.04,0.04,0.04,0.02,0.33,0.04,0.05,0.05,0.03,0.05,0.05,3.55,64.74,-0.38
1,Venturi Loop,CLOSED,CLOSED,CLOSED,OPEN,CLOSED,CLOSED,OPEN,OPEN,CLOSED,15,15,11.01,0.06,0.05,0.04,0.03,0.32,0.03,0.04,0.04,0.03,0.05,0.05,3.56,64.74,-0.38
1,Venturi Loop,CLOSED,CLOSED,CLOSED,OPEN,CLOSED,CLOSED,OPEN,OPEN,CLOSED,15,14.78,9.64,0.06,0.06,0.04,0.03,0.28,0.05,0.05,0.05,0.03,0.04,0.04,3.55,64.75,-0.39
1,Venturi Loop,CLOSED,CLOSED,CLOSED,OPEN,CLOSED,CLOSED,OPEN,OPEN,CLOSED,15,14.71,11.61,0.05,0.05,0.04,0.03,0.27,0.05,0.05,0.06,0.04,0.04,0.05,3.54,64.78,-0.39
1,Venturi Loop,CLOSED,CLOSED,CLOSED,OPEN,CLOSED,CLOSED,OPEN,OPEN,CLOSED,15,14.69,11.88,0.05,0.05,0.04,0.03,0.26,0.05,0.06,0.06,0.04,0.05,0.05,3.53,64.79,-0.39
1,Venturi Loop,CLOSED,CLOSED,CLOSED,OPEN,CLOSED,CLOSED,OPEN,OPEN,CLOSED,15,14.77,11.57,0.06,0.04,0.04,0.03,0.32,0.04,0.05,0.05,0.04,0.04,0.05,3.54,64.8,-0.38
1,Venturi Loop,CLOSED,CLOSED,CLOSED,OPEN,CLOSED,CLOSED,OPEN,OPEN,CLOSED,15,14.69,11.64,0.05,0.04,0.04,0.02,0.34,0.04,0.04,0.04,0.04,0.05,0.04,3.54,64.8,-0.4
1,Venturi Loop,CLOSED,CLOSED,CLOSED,OPEN,CLOSED,CLOSED,OPEN,OPEN,CLOSED,15,15.14,10.54,0.05,0.04,0.04,0.02,0.31,0.04,0.04,0.04,0.03,0.04,0.04,3.52,64.81,-0.39
1,Venturi Loop,CLOSED,CLOSED,CLOSED,OPEN,CLOSED,CLOSED,OPEN,OPEN,CLOSED,15,14.84,11.09,0.05,0.04,0.04,0.02,0.32,0.04,0.04,0.04,0.03,0.05,0.05,3.51,64.79,-0.4
1,Venturi Loop,CLOSED,CLOSED,CLOSED,OPEN,CLOSED,CLOSED,OPEN,OPEN,CLOSED,15,14.98,11.28,0.05,0.05,0.04,0.02,0.33,0.03,0.04,0.03,0.03,0.04,0.04,3.55,64.82,-0.37
1,Venturi Loop,CLOSED,CLOSED,CLOSED,OPEN,CLOSED,CLOSED,OPEN,OPEN,CLOSED,15,14.76,11.47,0.05,0.05,0.04,0.02,0.33,0.04,0.05,0.05,0.04,0.05,0.04,3.56,64.82,-0.39
1,Venturi Loop,CLOSED,CLOSED,CLOSED,OPEN,CLOSED,CLOSED,OPEN,OPEN,CLOSED,15,15.01,11.06,0.04,0.04,0.04,0.02,0.36,0.05,0.06,0.05,0.03,0.05,0.04,3.56,64.86,-0.39
1,Venturi Loop,CLOSED,CLOSED,CLOSED,OPEN,CLOSED,CLOSED,OPEN,OPEN,CLOSED,15,15.08,10.84,0.05,0.04,0.04,0.02,0.35,0.05,0.05,0.05,0.04,0.05,0.04,3.56,64.79,-0.39
1,Venturi Loop,CLOSED,CLOSED,CLOSED,OPEN,CLOSED,CLOSED,OPEN,OPEN,CLOSED,15,15.04,10.97,0.05,0.04,0.03,0.02,0.33,0.04,0.04,0.04,0.03,0.05,0.05,3.56,64.76,-0.4
1,Venturi Loop,CLOSED,CLOSED,CLOSED,OPEN,CLOSED,CLOSED,OPEN,OPEN,CLOSED,15,14.87,11.08,0.05,0.03,0.04,0.03,0.36,0.03,0.04,0.03,0.03,0.06,0.04,3.57,64.8,-0.39
1,Venturi Loop,CLOSED,CLOSED,CLOSED,OPEN,CLOSED,CLOSED,OPEN,OPEN,CLOSED,15,15.98,8.44,0.06,0.04,0.05,0.03,0.36,0.03,0.04,0.04,0.03,0.06,0.04,3.56,64.8,-0.38
1,Venturi Loop,CLOSED,CLOSED,CLOSED,OPEN,CLOSED,CLOSED,OPEN,OPEN,CLOSED,15,15.1,10.87,0.07,0.05,0.05,0.02,0.38,0.04,0.04,0.04,0.03,0.05,0.04,3.55,64.82,-0.38
1,Venturi Loop,CLOSED,CLOSED,CLOSED,OPEN,CLOSED,CLOSED,OPEN,OPEN,CLOSED,15,14.93,10.98,0.06,0.06,0.05,0.02,0.33,0.04,0.04,0.05,0.03,0.04,0.04,3.53,64.83,-0.39
1,Venturi Loop,CLOSED,CLOSED,CLOSED,OPEN,CLOSED,CLOSED,OPEN,OPEN,CLOSED,15,14.97,11.23,0.06,0.06,0.05,0.02,0.31,0.04,0.05,0.05,0.03,0.04,0.04,3.54,64.85,-0.43
1,Venturi Loop,CLOSED,CLOSED,CLOSED,OPEN,CLOSED,CLOSED,OPEN,OPEN,CLOSED,15,14.95,11.3,0.05,0.05,0.04,0.02,0.31,0.04,0.05,0.05,0.03,0.06,0.05,3.54,64.84,-0.43
1,Venturi Loop,CLOSED,CLOSED,CLOSED,OPEN,CLOSED,CLOSED,OPEN,OPEN,CLOSED,15,15.12,10.96,0.05,0.04,0.04,0.02,0.31,0.04,0.05,0.06,0.04,0.05,0.05,3.58,64.77,-0.47
1,Venturi Loop,CLOSED,CLOSED,CLOSED,OPEN,CLOSED,CLOSED,OPEN,OPEN,CLOSED,15,15.04,11.09,0.04,0.04,0.04,0.02,0.34,0.04,0.06,0.06,0.04,0.06,0.04,3.58,64.78,-0.43
1,Venturi Loop,CLOSED,CLOSED,CLOSED,OPEN,CLOSED,CLOSED,OPEN,OPEN,CLOSED,15,26.88,8.52,0.21,0.2,0.19,0.07,1.54,0.16,0.21,0.2,0.12,0.14,0.14,21.4,39.06,-9.97
1,Venturi Loop,CLOSED,CLOSED,CLOSED,OPEN,CLOSED,CLOSED,OPEN,OPEN,CLOSED,15,16.07,12.39,0.17,0.17,0.15,0.06,1.24,0.13,0.17,0.16,0.09,0.12,0.11,16.9,44.95,-7.98
1,Venturi Loop,CLOSED,CLOSED,CLOSED,OPEN,CLOSED,CLOSED,OPEN,OPEN,CLOSED,15,15.26,11.12,0.15,0.15,0.12,0.05,1.05,0.12,0.15,0.14,0.08,0.1,0.09,13.27,49.74,-6.4
1,Venturi Loop,CLOSED,CLOSED,CLOSED,OPEN,CLOSED,CLOSED,OPEN,OPEN,CLOSED,15,15.76,6.74,0.05,0.04,0.04,0.02,0.18,0.34,0.94,1.08,0.23,1.52,1.56,2.17,54.9,-2.93
1,Venturi Loop,CLOSED,CLOSED,CLOSED,OPEN,CLOSED,CLOSED,OPEN,OPEN,CLOSED,15,15.05,8.69,0.05,0.04,0.04,0.02,0.15,0.28,0.8,0.92,0.19,1.31,1.35,1.65,57.22,-2.36
1,Venturi Loop,CLOSED,CLOSED,CLOSED,OPEN,CLOSED,CLOSED,OPEN,OPEN,CLOSED,15,15.34,8,0.04,0.03,0.03,0.02,0.13,0.23,0.69,0.79,0.16,1.13,1.16,1.22,59.18,-1.89
1,Venturi Loop,CLOSED,CLOSED,CLOSED,OPEN,CLOSED,CLOSED,OPEN,OPEN,CLOSED,15,16.01,6.26,0.03,0.03,0.03,0.01,0.12,0.2,0.6,0.69,0.14,1.01,1.02,0.9,60.71,-1.49
1,Venturi Loop,CLOSED,CLOSED,CLOSED,OPEN,CLOSED,CLOSED,OPEN,OPEN,CLOSED,15,15.22,8.36,0.03,0.03,0.02,0.02,0.11,0.18,0.54,0.62,0.12,0.9,0.92,0.66,61.8,-1.18
1,Venturi Loop,CLOSED,CLOSED,CLOSED,OPEN,CLOSED,CLOSED,OPEN,OPEN,CLOSED,15,14.84,9.14,0.03,0.02,0.03,0.01,0.09,0.15,0.5,0.57,0.1,0.84,0.84,0.49,62.63,-0.95
1,Venturi Loop,CLOSED,CLOSED,CLOSED,OPEN,CLOSED,CLOSED,OPEN,OPEN,CLOSED,15,15,8.95,0.03,0.02,0.03,0.01,0.09,0.14,0.47,0.54,0.1,0.79,0.8,0.36,63.19,-0.87
1,Venturi Loop,CLOSED,CLOSED,CLOSED,OPEN,CLOSED,CLOSED,OPEN,OPEN,CLOSED,15,14.95,9.14,0.03,0.02,0.03,0.01,0.08,0.13,0.44,0.51,0.09,0.77,0.77,0.27,63.62,-0.77
1,Venturi Loop,CLOSED,CLOSED,CLOSED,OPEN,CLOSED,CLOSED,OPEN,OPEN,CLOSED,15,15.02,8.94,0.03,0.02,0.02,0.01,0.08,0.13,0.42,0.49,0.09,0.74,0.74,0.2,63.9,-0.67
1,Venturi Loop,CLOSED,CLOSED,CLOSED,OPEN,CLOSED,CLOSED,OPEN,OPEN,CLOSED,15,14.6,11.54,0.03,0.02,0.02,0.01,0.11,0.11,0.36,0.42,0.07,0.68,0.69,0.44,64.08,-0.59
1,Venturi Loop,CLOSED,CLOSED,CLOSED,OPEN,CLOSED,CLOSED,OPEN,OPEN,CLOSED,15,14.72,12.2,0.04,0.03,0.03,0.01,0.17,0.09,0.28,0.32,0.06,0.5,0.52,1.23,64.23,-0.58
1,Venturi Loop,CLOSED,CLOSED,CLOSED,OPEN,CLOSED,CLOSED,OPEN,OPEN,CLOSED,15,14.93,11.75,0.04,0.03,0.03,0.01,0.21,0.07,0.21,0.25,0.05,0.38,0.39,1.84,64.39,-0.55
1,Venturi Loop,CLOSED,CLOSED,CLOSED,OPEN,CLOSED,CLOSED,OPEN,OPEN,CLOSED,15,15.01,11.42,0.05,0.03,0.04,0.01,0.24,0.06,0.16,0.19,0.04,0.28,0.29,2.32,64.52,-0.51
1,Venturi Loop,CLOSED,CLOSED,CLOSED,OPEN,CLOSED,CLOSED,OPEN,OPEN,CLOSED,15,14.87,11.8,0.05,0.03,0.04,0.01,0.22,0.05,0.12,0.14,0.03,0.21,0.22,2.63,64.65,-0.45
1,Venturi Loop,CLOSED,CLOSED,CLOSED,OPEN,CLOSED,CLOSED,OPEN,OPEN,CLOSED,15,15.22,10.92,0.05,0.03,0.04,0.02,0.22,0.05,0.1,0.11,0.04,0.16,0.17,2.86,64.61,-0.45
1,Venturi Loop,CLOSED,CLOSED,CLOSED,OPEN,CLOSED,CLOSED,OPEN,OPEN,CLOSED,15,15.37,10.42,0.05,0.03,0.04,0.01,0.23,0.04,0.08,0.09,0.03,0.13,0.13,3.02,64.64,-0.42
1,Venturi Loop,CLOSED,CLOSED,CLOSED,OPEN,CLOSED,CLOSED,OPEN,OPEN,CLOSED,15,14.97,11.49,0.06,0.02,0.04,0.01,0.25,0.04,0.07,0.08,0.03,0.1,0.1,3.13,64.58,-0.4
1,Venturi Loop,CLOSED,CLOSED,CLOSED,OPEN,CLOSED,CLOSED,OPEN,OPEN,CLOSED,15,15.01,11.13,0.05,0.03,0.03,0.01,0.3,0.03,0.06,0.07,0.02,0.08,0.08,3.23,64.64,-0.39
1,Venturi Loop,CLOSED,CLOSED,CLOSED,OPEN,CLOSED,CLOSED,OPEN,OPEN,CLOSED,15,15.07,11.41,0.05,0.03,0.03,0.02,0.28,0.04,0.06,0.07,0.03,0.07,0.07,3.31,64.68,-0.38
1,Venturi Loop,CLOSED,CLOSED,CLOSED,OPEN,CLOSED,CLOSED,OPEN,OPEN,CLOSED,15,15.12,11.2,0.05,0.03,0.04,0.01,0.3,0.04,0.06,0.06,0.03,0.06,0.05,3.37,64.69,-0.38
1,Venturi Loop,CLOSED,CLOSED,CLOSED,OPEN,CLOSED,CLOSED,OPEN,OPEN,CLOSED,15,14.91,11.65,0.05,0.03,0.03,0.02,0.32,0.04,0.06,0.05,0.03,0.05,0.05,3.4,64.66,-0.41
1,Venturi Loop,CLOSED,CLOSED,CLOSED,OPEN,CLOSED,CLOSED,OPEN,OPEN,CLOSED,15,14.63,12.4,0.04,0.04,0.03,0.02,0.32,0.03,0.05,0.05,0.03,0.04,0.04,3.43,64.69,-0.37
1,Venturi Loop,CLOSED,CLOSED,CLOSED,OPEN,CLOSED,CLOSED,OPEN,OPEN,CLOSED,15,15.11,11.08,0.05,0.04,0.03,0.01,0.32,0.03,0.05,0.05,0.03,0.04,0.03,3.42,64.74,-0.37
1,Venturi Loop,CLOSED,CLOSED,CLOSED,OPEN,CLOSED,CLOSED,OPEN,OPEN,CLOSED,15,14.95,11.54,0.06,0.05,0.05,0.01,0.32,0.03,0.05,0.05,0.03,0.04,0.02,3.31,64.84,-0.35
1,Venturi Loop,CLOSED,CLOSED,CLOSED,OPEN,CLOSED,CLOSED,OPEN,OPEN,CLOSED,15,16.03,8.56,0.05,0.04,0.04,0.02,0.34,0.03,0.04,0.05,0.03,0.04,0.03,3.31,64.9,-0.33
1,Venturi Loop,CLOSED,CLOSED,CLOSED,OPEN,CLOSED,CLOSED,OPEN,OPEN,CLOSED,15,15.07,11.33,0.06,0.05,0.04,0.01,0.33,0.03,0.05,0.05,0.03,0.03,0.03,3.3,64.83,-0.33
1,Venturi Loop,CLOSED,CLOSED,CLOSED,OPEN,CLOSED,CLOSED,OPEN,OPEN,CLOSED,15,15.61,9.89,0.05,0.04,0.03,0.02,0.31,0.03,0.04,0.04,0.03,0.03,0.03,3.33,64.85,-0.36
1,Venturi Loop,CLOSED,CLOSED,CLOSED,OPEN,CLOSED,CLOSED,OPEN,OPEN,CLOSED,15,14.73,12.19,0.05,0.04,0.03,0.02,0.32,0.02,0.03,0.03,0.02,0.03,0.02,3.33,64.87,-0.36
1,Venturi Loop,CLOSED,CLOSED,CLOSED,OPEN,CLOSED,CLOSED,OPEN,OPEN,CLOSED,15,14.77,12.03,0.05,0.03,0.03,0.02,0.33,0.03,0.03,0.03,0.03,0.03,0.02,3.32,64.84,-0.42
1,Venturi Loop,CLOSED,CLOSED,CLOSED,OPEN,CLOSED,CLOSED,OPEN,OPEN,CLOSED,15,14.84,11.96,0.04,0.03,0.03,0.02,0.3,0.02,0.03,0.03,0.02,0.03,0.02,3.32,64.8,-0.47
1,Venturi Loop,CLOSED,CLOSED,CLOSED,OPEN,CLOSED,CLOSED,OPEN,OPEN,CLOSED,15,14.95,11.55,0.04,0.03,0.03,0.02,0.33,0.03,0.04,0.04,0.03,0.03,0.02,3.32,64.82,-0.44
1,Venturi Loop,CLOSED,CLOSED,CLOSED,OPEN,CLOSED,CLOSED,OPEN,OPEN,CLOSED,15,14.93,11.6,0.04,0.03,0.03,0.02,0.33,0.04,0.06,0.06,0.03,0.03,0.02,3.29,64.82,-0.41
1,Venturi Loop,CLOSED,CLOSED,CLOSED,OPEN,CLOSED,CLOSED,OPEN,OPEN,CLOSED,15,15.04,11.39,0.04,0.03,0.03,0.02,0.32,0.04,0.06,0.06,0.04,0.04,0.02,3.3,64.86,-0.41
1,Venturi Loop,CLOSED,CLOSED,CLOSED,OPEN,CLOSED,CLOSED,OPEN,OPEN,CLOSED,15,14.95,11.85,0.05,0.04,0.03,0.03,0.37,0.04,0.05,0.05,0.03,0.03,0.02,3.32,64.86,-0.4
1,Venturi Loop,CLOSED,CLOSED,CLOSED,OPEN,CLOSED,CLOSED,OPEN,OPEN,CLOSED,15,15.05,11.57,0.04,0.04,0.03,0.02,0.38,0.03,0.04,0.04,0.03,0.03,0.02,3.28,64.85,-0.39
1,Venturi Loop,CLOSED,CLOSED,CLOSED,OPEN,CLOSED,CLOSED,OPEN,OPEN,CLOSED,15,14.74,12.09,0.03,0.04,0.02,0.03,0.39,0.03,0.04,0.04,0.03,0.03,0.02,3.28,64.83,-0.36
1,Venturi Loop,CLOSED,CLOSED,CLOSED,OPEN,CLOSED,CLOSED,OPEN,OPEN,CLOSED,15,15.01,11.63,0.04,0.04,0.03,0.03,0.35,0.03,0.04,0.03,0.03,0.03,0.02,3.28,64.8,-0.38
1,Venturi Loop,CLOSED,CLOSED,CLOSED,OPEN,CLOSED,CLOSED,OPEN,OPEN,CLOSED,15,14.72,12.04,0.04,0.04,0.02,0.03,0.32,0.03,0.03,0.03,0.02,0.03,0.02,3.27,64.81,-0.4
1,Venturi Loop,CLOSED,CLOSED,CLOSED,OPEN,CLOSED,CLOSED,OPEN,OPEN,CLOSED,15,15.11,11.33,0.03,0.04,0.03,0.02,0.34,0.03,0.04,0.04,0.03,0.03,0.02,3.28,64.82,-0.39
1,Venturi Loop,CLOSED,CLOSED,CLOSED,OPEN,CLOSED,CLOSED,OPEN,OPEN,CLOSED,15,15.93,8.7,0.04,0.04,0.03,0.02,0.32,0.02,0.03,0.03,0.02,0.02,0.03,3.27,64.76,-0.37
1,Venturi Loop,CLOSED,CLOSED,CLOSED,OPEN,CLOSED,CLOSED,OPEN,OPEN,CLOSED,15,15.01,11.33,0.04,0.03,0.03,0.02,0.36,0.02,0.04,0.04,0.02,0.03,0.03,3.27,64.77,-0.35
1,Venturi Loop,CLOSED,CLOSED,CLOSED,OPEN,CLOSED,CLOSED,OPEN,OPEN,CLOSED,15,15.03,11.28,0.04,0.04,0.03,0.03,0.35,0.03,0.04,0.04,0.03,0.04,0.03,3.28,64.75,-0.45
1,Venturi Loop,CLOSED,CLOSED,CLOSED,OPEN,CLOSED,CLOSED,OPEN,OPEN,CLOSED,15,14.93,11.56,0.04,0.03,0.03,0.03,0.33,0.03,0.04,0.04,0.03,0.03,0.02,3.26,64.78,-0.44
1,Venturi Loop,CLOSED,CLOSED,CLOSED,OPEN,CLOSED,CLOSED,OPEN,OPEN,CLOSED,15,14.86,11.73,0.04,0.05,0.03,0.03,0.36,0.04,0.05,0.05,0.03,0.03,0.02,3.25,64.78,-0.41
1,Venturi Loop,CLOSED,CLOSED,CLOSED,OPEN,CLOSED,CLOSED,OPEN,OPEN,CLOSED,15,14.83,11.73,0.03,0.04,0.04,0.03,0.36,0.03,0.04,0.04,0.03,0.04,0.02,3.25,64.79,-0.39
1,Venturi Loop,CLOSED,CLOSED,CLOSED,OPEN,CLOSED,CLOSED,OPEN,OPEN,CLOSED,15,16,8.45,0.05,0.04,0.05,0.03,0.34,0.03,0.05,0.05,0.03,0.04,0.02,3.25,64.82,-0.36
1,Venturi Loop,CLOSED,CLOSED,CLOSED,OPEN,CLOSED,CLOSED,OPEN,OPEN,CLOSED,15,14.98,11.14,0.05,0.04,0.05,0.03,0.37,0.04,0.05,0.05,0.04,0.04,0.02,3.25,64.75,-0.33
1,Venturi Loop,CLOSED,CLOSED,CLOSED,OPEN,CLOSED,CLOSED,OPEN,OPEN,CLOSED,15,15.53,9.88,0.06,0.03,0.05,0.02,0.39,0.03,0.04,0.04,0.03,0.04,0.02,3.25,64.74,-0.34
1,Venturi Loop,CLOSED,CLOSED,CLOSED,OPEN,CLOSED,CLOSED,OPEN,OPEN,CLOSED,15,14.63,12.21,0.06,0.03,0.04,0.02,0.4,0.03,0.04,0.04,0.03,0.04,0.02,3.25,64.75,-0.36
1,Venturi Loop,CLOSED,CLOSED,CLOSED,OPEN,CLOSED,CLOSED,OPEN,OPEN,CLOSED,15,16,8.62,0.05,0.03,0.04,0.02,0.39,0.03,0.05,0.05,0.03,0.04,0.03,3.25,64.72,-0.42
1,Venturi Loop,CLOSED,CLOSED,CLOSED,OPEN,CLOSED,CLOSED,OPEN,OPEN,CLOSED,15,15.04,11.1,0.06,0.04,0.05,0.02,0.35,0.04,0.05,0.05,0.03,0.03,0.02,3.25,64.78,-0.4
1,Venturi Loop,CLOSED,CLOSED,CLOSED,OPEN,CLOSED,CLOSED,OPEN,OPEN,CLOSED,15,14.91,11.67,0.05,0.04,0.04,0.02,0.35,0.05,0.06,0.06,0.04,0.04,0.02,3.25,64.78,-0.42
1,Venturi Loop,CLOSED,CLOSED,CLOSED,OPEN,CLOSED,CLOSED,OPEN,OPEN,CLOSED,15,14.98,11.08,0.05,0.04,0.04,0.02,0.34,0.04,0.05,0.05,0.03,0.04,0.02,3.26,64.77,-0.41
1,Venturi Loop,CLOSED,CLOSED,CLOSED,OPEN,CLOSED,CLOSED,OPEN,OPEN,CLOSED,15,15.01,11.05,0.05,0.04,0.05,0.02,0.31,0.04,0.05,0.05,0.03,0.05,0.02,3.25,64.79,-0.38
1,Venturi Loop,CLOSED,CLOSED,CLOSED,OPEN,CLOSED,CLOSED,OPEN,OPEN,CLOSED,15,14.66,11.96,0.07,0.04,0.05,0.02,0.32,0.04,0.06,0.05,0.03,0.05,0.02,3.24,64.73,-0.39
1,Venturi Loop,CLOSED,CLOSED,CLOSED,OPEN,CLOSED,CLOSED,OPEN,OPEN,CLOSED,15,15.04,10.95,0.06,0.04,0.05,0.02,0.32,0.03,0.05,0.05,0.03,0.04,0.03,3.24,64.75,-0.41
1,Venturi Loop,CLOSED,CLOSED,CLOSED,OPEN,CLOSED,CLOSED,OPEN,OPEN,CLOSED,15,15.11,10.79,0.06,0.04,0.05,0.02,0.31,0.03,0.04,0.05,0.03,0.04,0.03,3.24,64.73,-0.39
1,Venturi Loop,CLOSED,CLOSED,CLOSED,OPEN,CLOSED,CLOSED,OPEN,OPEN,CLOSED,15,14.96,11.36,0.06,0.04,0.05,0.02,0.32,0.03,0.04,0.05,0.03,0.04,0.04,3.23,64.67,-0.44
1,Venturi Loop,CLOSED,CLOSED,CLOSED,OPEN,CLOSED,CLOSED,OPEN,OPEN,CLOSED,15,14.98,11.2,0.06,0.04,0.05,0.02,0.36,0.04,0.04,0.04,0.03,0.04,0.03,3.24,64.7,-0.44
1,Venturi Loop,CLOSED,CLOSED,CLOSED,OPEN,CLOSED,CLOSED,OPEN,OPEN,CLOSED,15,14.81,11.54,0.06,0.03,0.05,0.02,0.37,0.04,0.05,0.05,0.03,0.04,0.03,3.26,64.67,-0.45
1,Venturi Loop,CLOSED,CLOSED,CLOSED,OPEN,CLOSED,CLOSED,OPEN,OPEN,CLOSED,15,14.88,11.31,0.06,0.04,0.04,0.02,0.35,0.04,0.05,0.06,0.03,0.04,0.03,3.25,64.7,-0.42
1,Venturi Loop,CLOSED,CLOSED,CLOSED,OPEN,CLOSED,CLOSED,OPEN,OPEN,CLOSED,15,14.39,12.92,0.05,0.03,0.04,0.02,0.33,0.04,0.05,0.05,0.03,0.03,0.03,3.25,64.7,-0.42
1,Venturi Loop,CLOSED,CLOSED,CLOSED,OPEN,CLOSED,CLOSED,OPEN,OPEN,CLOSED,15,15.04,10.95,0.05,0.03,0.03,0.02,0.3,0.04,0.05,0.05,0.03,0.03,0.03,3.26,64.77,-0.4
1,Venturi Loop,CLOSED,CLOSED,CLOSED,OPEN,CLOSED,CLOSED,OPEN,OPEN,CLOSED,15,15.92,8.67,0.06,0.03,0.04,0.02,0.3,0.04,0.05,0.05,0.02,0.04,0.03,3.26,64.78,-0.39
1,Venturi Loop,CLOSED,CLOSED,CLOSED,OPEN,CLOSED,CLOSED,OPEN,OPEN,CLOSED,15,14.73,11.92,0.07,0.03,0.05,0.02,0.31,0.03,0.05,0.05,0.03,0.04,0.03,3.25,64.78,-0.41
1,Venturi Loop,CLOSED,CLOSED,CLOSED,OPEN,CLOSED,CLOSED,OPEN,OPEN,CLOSED,15,14.94,11.25,0.07,0.03,0.05,0.02,0.32,0.03,0.04,0.05,0.03,0.04,0.04,3.25,64.77,-0.39
1,Venturi Loop,CLOSED,CLOSED,CLOSED,OPEN,CLOSED,CLOSED,OPEN,OPEN,CLOSED,15,14.69,11.98,0.07,0.03,0.05,0.02,0.33,0.03,0.04,0.04,0.03,0.04,0.03,3.24,64.76,-0.39
1,Venturi Loop,CLOSED,CLOSED,CLOSED,OPEN,CLOSED,CLOSED,OPEN,OPEN,CLOSED,15,15.18,11.24,0.06,0.03,0.04,0.02,0.33,0.03,0.05,0.05,0.03,0.04,0.03,3.24,64.7,-0.36
1,Venturi Loop,CLOSED,CLOSED,CLOSED,OPEN,CLOSED,CLOSED,OPEN,OPEN,CLOSED,15,15.11,11.07,0.06,0.04,0.04,0.02,0.33,0.04,0.05,0.05,0.03,0.04,0.03,3.23,64.72,-0.34
1,Venturi Loop,CLOSED,CLOSED,CLOSED,OPEN,CLOSED,CLOSED,OPEN,OPEN,CLOSED,15,15.37,10.26,0.06,0.03,0.03,0.02,0.38,0.03,0.05,0.05,0.03,0.04,0.03,3.23,64.72,-0.34
1,Venturi Loop,CLOSED,CLOSED,CLOSED,OPEN,CLOSED,CLOSED,OPEN,OPEN,CLOSED,15,14.43,9.84,0.07,0.03,0.04,0.02,0.39,0.03,0.04,0.04,0.03,0.04,0.03,3.21,64.73,-0.35
1,Venturi Loop,CLOSED,CLOSED,CLOSED,OPEN,CLOSED,CLOSED,OPEN,OPEN,CLOSED,15,15.18,12.26,0.05,0.04,0.04,0.02,0.5,0.08,0.15,0.16,0.07,0.07,0.03,5.63,62.85,-1.22
1,Venturi Loop,CLOSED,CLOSED,CLOSED,OPEN,CLOSED,CLOSED,OPEN,OPEN,CLOSED,15,14.57,12.51,0.06,0.04,0.05,0.02,0.44,0.07,0.14,0.14,0.07,0.07,0.02,4.99,63.38,-1
1,Venturi Loop,CLOSED,CLOSED,CLOSED,OPEN,CLOSED,CLOSED,OPEN,OPEN,CLOSED,15,15.07,11.29,0.07,0.06,0.06,0.02,0.41,0.06,0.12,0.12,0.06,0.06,0.03,4.49,63.75,-0.82
1,Venturi Loop,CLOSED,CLOSED,CLOSED,OPEN,CLOSED,CLOSED,OPEN,OPEN,CLOSED,15,15.07,11.37,0.07,0.04,0.06,0.02,0.4,0.06,0.1,0.1,0.05,0.06,0.02,4.1,64.06,-0.72
1,Venturi Loop,CLOSED,CLOSED,CLOSED,OPEN,CLOSED,CLOSED,OPEN,OPEN,CLOSED,15,14.88,11.89,0.06,0.04,0.05,0.01,0.38,0.05,0.09,0.09,0.04,0.06,0.02,3.84,64.2,-0.65
1,Venturi Loop,CLOSED,CLOSED,CLOSED,OPEN,CLOSED,CLOSED,OPEN,OPEN,CLOSED,15,15.33,10.45,0.06,0.04,0.05,0.01,0.38,0.05,0.1,0.1,0.04,0.06,0.02,3.65,64.34,-0.57
1,Venturi Loop,CLOSED,CLOSED,CLOSED,OPEN,CLOSED,CLOSED,OPEN,OPEN,CLOSED,15,14.93,11.38,0.06,0.03,0.05,0.01,0.36,0.06,0.08,0.09,0.03,0.05,0.02,3.49,64.53,-0.53
1,Venturi Loop,CLOSED,CLOSED,CLOSED,OPEN,CLOSED,CLOSED,OPEN,OPEN,CLOSED,15,14.85,11.62,0.05,0.04,0.04,0.01,0.35,0.06,0.08,0.09,0.04,0.05,0.02,3.38,64.58,-0.54
1,Venturi Loop,CLOSED,CLOSED,CLOSED,OPEN,CLOSED,CLOSED,OPEN,OPEN,CLOSED,15,14.88,11.86,0.07,0.05,0.05,0.01,0.38,0.05,0.07,0.08,0.04,0.04,0.02,3.3,64.6,-0.54
1,Venturi Loop,CLOSED,CLOSED,CLOSED,OPEN,CLOSED,CLOSED,OPEN,OPEN,CLOSED,15,15.19,10.9,0.07,0.05,0.06,0.01,0.42,0.05,0.06,0.07,0.03,0.04,0.02,3.24,64.6,-0.48
1,Venturi Loop,CLOSED,CLOSED,CLOSED,OPEN,CLOSED,CLOSED,OPEN,OPEN,CLOSED,15,14.89,11.64,0.08,0.05,0.06,0.01,0.39,0.06,0.09,0.09,0.04,0.03,0.02,3.2,64.58,-0.46
1,Venturi Loop,CLOSED,CLOSED,CLOSED,OPEN,CLOSED,CLOSED,OPEN,OPEN,CLOSED,15,15.17,11,0.08,0.05,0.06,0.01,0.38,0.06,0.09,0.09,0.04,0.04,0.02,3.17,64.62,-0.4
1,Venturi Loop,CLOSED,CLOSED,CLOSED,OPEN,CLOSED,CLOSED,OPEN,OPEN,CLOSED,15,14.63,12.13,0.07,0.04,0.05,0.01,0.38,0.06,0.09,0.1,0.04,0.03,0.02,3.16,64.65,-0.39
1,Venturi Loop,CLOSED,CLOSED,CLOSED,OPEN,CLOSED,CLOSED,OPEN,OPEN,CLOSED,15,14.81,11.7,0.06,0.05,0.05,0.01,0.39,0.06,0.08,0.08,0.03,0.03,0.01,3.15,64.69,-0.38
1,Venturi Loop,CLOSED,CLOSED,CLOSED,OPEN,CLOSED,CLOSED,OPEN,OPEN,CLOSED,15,14.79,11.72,0.06,0.03,0.04,0.01,0.38,0.05,0.08,0.08,0.04,0.04,0.02,3.11,64.66,-0.39
1,Venturi Loop,CLOSED,CLOSED,CLOSED,OPEN,CLOSED,CLOSED,OPEN,OPEN,CLOSED,15,15.62,9.42,0.05,0.04,0.04,0.01,0.32,0.06,0.1,0.11,0.05,0.05,0.02,3.08,64.63,-0.4
1,Venturi Loop,CLOSED,CLOSED,CLOSED,OPEN,CLOSED,CLOSED,OPEN,OPEN,CLOSED,15,15.67,9.51,0.05,0.04,0.04,0.01,0.32,0.05,0.1,0.1,0.05,0.04,0.01,3.1,64.64,-0.4
1,Venturi Loop,CLOSED,CLOSED,CLOSED,OPEN,CLOSED,CLOSED,OPEN,OPEN,CLOSED,15,16.02,8.52,0.04,0.03,0.03,0.01,0.38,0.04,0.09,0.09,0.05,0.04,0.01,3.11,64.68,-0.4
1,Venturi Loop,CLOSED,CLOSED,CLOSED,OPEN,CLOSED,CLOSED,OPEN,OPEN,CLOSED,15,15.49,9.86,0.04,0.03,0.04,0.01,0.35,0.04,0.11,0.11,0.05,0.04,0.02,3.1,64.68,-0.45
1,Venturi Loop,CLOSED,CLOSED,CLOSED,OPEN,CLOSED,CLOSED,OPEN,OPEN,CLOSED,15,15.15,10.65,0.05,0.05,0.04,0.01,0.38,0.05,0.09,0.09,0.05,0.05,0.01,3.1,64.7,-0.43
1,Venturi Loop,CLOSED,CLOSED,CLOSED,OPEN,CLOSED,CLOSED,OPEN,OPEN,CLOSED,15,15.23,10.39,0.06,0.04,0.05,0.01,0.4,0.05,0.08,0.08,0.05,0.06,0.02,3.09,64.71,-0.43
1,Venturi Loop,CLOSED,CLOSED,CLOSED,OPEN,CLOSED,CLOSED,OPEN,OPEN,CLOSED,20,19.54,19.06,0.08,0.06,0.06,0.04,0.51,0.06,0.09,0.09,0.05,0.06,0.07,5.03,62.25,-1.47
1,Venturi Loop,CLOSED,CLOSED,CLOSED,OPEN,CLOSED,CLOSED,OPEN,OPEN,CLOSED,20,17.19,28.75,0.05,0.06,0.04,0.03,0.35,0.03,0.04,0.05,0.03,0.05,0.05,3.54,64.61,-0.36
1,Venturi Loop,CLOSED,CLOSED,CLOSED,OPEN,CLOSED,CLOSED,OPEN,OPEN,CLOSED,20,20.35,18.55,0.07,0.07,0.05,0.03,0.47,0.03,0.04,0.04,0.03,0.04,0.05,4.58,63.94,-0.69
1,Venturi Loop,CLOSED,CLOSED,CLOSED,OPEN,CLOSED,CLOSED,OPEN,OPEN,CLOSED,20,19.87,18.55,0.08,0.07,0.06,0.03,0.46,0.04,0.06,0.05,0.04,0.05,0.05,5.22,63.46,-0.89
1,Venturi Loop,CLOSED,CLOSED,CLOSED,OPEN,CLOSED,CLOSED,OPEN,OPEN,CLOSED,20,19.95,18.09,0.07,0.07,0.05,0.03,0.5,0.04,0.06,0.06,0.03,0.04,0.06,5.68,63.16,-1.04
1,Venturi Loop,CLOSED,CLOSED,CLOSED,OPEN,CLOSED,CLOSED,OPEN,OPEN,CLOSED,20,19.88,18.47,0.07,0.07,0.06,0.03,0.5,0.05,0.07,0.06,0.04,0.04,0.05,6.01,62.88,-1.14
1,Venturi Loop,CLOSED,CLOSED,CLOSED,OPEN,CLOSED,CLOSED,OPEN,OPEN,CLOSED,20,20.62,16.34,0.09,0.06,0.05,0.03,0.51,0.04,0.06,0.06,0.04,0.07,0.06,6.3,62.68,-1.19
1,Venturi Loop,CLOSED,CLOSED,CLOSED,OPEN,CLOSED,CLOSED,OPEN,OPEN,CLOSED,20,20.71,16.06,0.08,0.07,0.06,0.02,0.52,0.04,0.05,0.05,0.03,0.06,0.07,6.47,62.57,-1.24
1,Venturi Loop,CLOSED,CLOSED,CLOSED,OPEN,CLOSED,CLOSED,OPEN,OPEN,CLOSED,20,20.22,17.2,0.08,0.08,0.07,0.02,0.56,0.04,0.06,0.06,0.04,0.06,0.06,6.59,62.44,-1.29
1,Venturi Loop,CLOSED,CLOSED,CLOSED,OPEN,CLOSED,CLOSED,OPEN,OPEN,CLOSED,20,20.08,17.72,0.08,0.07,0.06,0.03,0.59,0.04,0.06,0.06,0.04,0.06,0.07,6.62,62.43,-1.3
1,Venturi Loop,CLOSED,CLOSED,CLOSED,OPEN,CLOSED,CLOSED,OPEN,OPEN,CLOSED,20,19.9,18.27,0.08,0.07,0.06,0.03,0.59,0.05,0.07,0.06,0.04,0.05,0.06,6.68,62.33,-1.3
1,Venturi Loop,CLOSED,CLOSED,CLOSED,OPEN,CLOSED,CLOSED,OPEN,OPEN,CLOSED,20,19.7,18.77,0.1,0.09,0.07,0.03,0.56,0.06,0.09,0.08,0.05,0.05,0.05,6.71,62.32,-1.33
1,Venturi Loop,CLOSED,CLOSED,CLOSED,OPEN,CLOSED,CLOSED,OPEN,OPEN,CLOSED,20,20.09,17.7,0.1,0.09,0.07,0.03,0.57,0.06,0.09,0.08,0.06,0.05,0.06,6.75,62.28,-1.33
1,Venturi Loop,CLOSED,CLOSED,CLOSED,OPEN,CLOSED,CLOSED,OPEN,OPEN,CLOSED,20,19.74,18.25,0.12,0.09,0.08,0.03,0.53,0.06,0.09,0.08,0.06,0.07,0.06,6.74,62.25,-1.38
2,Gate Loop,CLOSED,CLOSED,CLOSED,CLOSED,OPEN,CLOSED,OPEN,OPEN,CLOSED,10,29.73,34.59,0.32,0.33,0.39,0.07,0.19,3.24,12.1,14.23,0.13,0.19,0.18,39.96,50.22,-8.84
2,Gate Loop,CLOSED,CLOSED,CLOSED,CLOSED,OPEN,CLOSED,OPEN,OPEN,CLOSED,10,12.37,8.85,0.29,0.3,0.33,0.06,0.15,2.73,10.23,12.02,0.1,0.15,0.15,32.97,53.24,-7.22
2,Gate Loop,CLOSED,CLOSED,CLOSED,CLOSED,OPEN,CLOSED,OPEN,OPEN,CLOSED,10,10.13,6.39,0.22,0.23,0.25,0.05,0.12,2.16,8.1,9.5,0.08,0.13,0.12,25.14,56.18,-5.56
2,Gate Loop,CLOSED,CLOSED,CLOSED,CLOSED,OPEN,CLOSED,OPEN,OPEN,CLOSED,10,9.59,6.85,0.17,0.17,0.19,0.04,0.1,1.73,6.46,7.57,0.07,0.1,0.09,19.13,58.33,-4.32
2,Gate Loop,CLOSED,CLOSED,CLOSED,CLOSED,OPEN,CLOSED,OPEN,OPEN,CLOSED,10,9.88,6.88,0.14,0.13,0.15,0.04,0.08,1.4,5.21,6.12,0.05,0.08,0.07,14.75,59.82,-3.43
2,Gate Loop,CLOSED,CLOSED,CLOSED,CLOSED,OPEN,CLOSED,OPEN,OPEN,CLOSED,10,9.76,7.14,0.11,0.11,0.12,0.03,0.07,1.14,4.29,5.05,0.04,0.07,0.06,11.57,60.92,-2.76
2,Gate Loop,CLOSED,CLOSED,CLOSED,CLOSED,OPEN,CLOSED,OPEN,OPEN,CLOSED,10,10.07,6.21,0.09,0.09,0.1,0.03,0.06,0.97,3.64,4.3,0.04,0.06,0.05,9.19,61.79,-2.34
2,Gate Loop,CLOSED,CLOSED,CLOSED,CLOSED,OPEN,CLOSED,OPEN,OPEN,CLOSED,10,9.98,6.27,0.07,0.07,0.08,0.03,0.05,0.86,3.18,3.77,0.03,0.05,0.04,7.38,62.32,-2.01
2,Gate Loop,CLOSED,CLOSED,CLOSED,CLOSED,OPEN,CLOSED,OPEN,OPEN,CLOSED,10,10.36,5.54,0.06,0.07,0.07,0.02,0.05,0.75,2.8,3.33,0.03,0.04,0.04,6.02,62.8,-1.74
3,Globe Loop,CLOSED,CLOSED,CLOSED,CLOSED,CLOSED,OPEN,OPEN,OPEN,CLOSED,10,10.98,7.24,0.1,0.1,0.08,0.03,0.06,0.89,3.29,3.91,0.04,0.05,0.05,7.38,62.67,-2.37
3,Globe Loop,CLOSED,CLOSED,CLOSED,CLOSED,CLOSED,OPEN,OPEN,OPEN,CLOSED,10,9.89,6.29,0.08,0.09,0.07,0.02,0.05,0.75,2.77,3.32,0.05,0.13,0.11,5.9,62.99,-2.05
3,Globe Loop,CLOSED,CLOSED,CLOSED,CLOSED,CLOSED,OPEN,OPEN,OPEN,CLOSED,10,9.94,8.6,0.08,0.08,0.07,0.02,0.09,0.58,2.13,2.57,0.11,0.92,0.9,5.31,63.28,-1.76
3,Globe Loop,CLOSED,CLOSED,CLOSED,CLOSED,CLOSED,OPEN,OPEN,OPEN,CLOSED,10,10.05,8.97,0.08,0.08,0.06,0.02,0.07,0.43,1.58,1.9,0.2,2.01,2.1,5.87,63.53,-1.57
3,Globe Loop,CLOSED,CLOSED,CLOSED,CLOSED,CLOSED,OPEN,OPEN,OPEN,CLOSED,10,10.19,9.04,0.07,0.07,0.05,0.01,0.06,0.31,1.13,1.36,0.25,2.93,3.09,6.3,63.72,-1.43
3,Globe Loop,CLOSED,CLOSED,CLOSED,CLOSED,CLOSED,OPEN,OPEN,OPEN,CLOSED,10,9.82,9.79,0.08,0.06,0.05,0.02,0.05,0.24,0.84,1.01,0.3,3.53,3.77,6.59,63.86,-1.34
3,Globe Loop,CLOSED,CLOSED,CLOSED,CLOSED,CLOSED,OPEN,OPEN,OPEN,CLOSED,10,9.74,9.99,0.07,0.05,0.05,0.01,0.04,0.18,0.62,0.75,0.32,3.97,4.23,6.78,63.88,-1.25
3,Globe Loop,CLOSED,CLOSED,CLOSED,CLOSED,CLOSED,OPEN,OPEN,OPEN,CLOSED,10,9.94,9.85,0.06,0.05,0.05,0.01,0.05,0.14,0.47,0.56,0.35,4.35,4.58,6.99,63.92,-1.18
3,Globe Loop,CLOSED,CLOSED,CLOSED,CLOSED,CLOSED,OPEN,OPEN,OPEN,CLOSED,10,9.91,9.45,0.09,0.05,0.05,0.02,0.05,0.1,0.35,0.42,0.4,4.69,4.9,7.14,63.97,-1.14
4,Galvanized Loop,CLOSED,CLOSED,CLOSED,CLOSED,CLOSED,OPEN,OPEN,CLOSED,OPEN,10,11.4,8.23,0.14,0.12,0.09,0.02,0.09,0.03,0.04,0.05,0.98,12.83,13.5,21.25,61.81,-2.6
4,Galvanized Loop,CLOSED,CLOSED,CLOSED,CLOSED,CLOSED,OPEN,OPEN,CLOSED,OPEN,10,9.6,8.03,0.23,0.11,0.08,0.02,0.08,0.03,0.05,0.05,0.73,9.69,10.2,15.99,62.5,-2.11
4,Galvanized Loop,CLOSED,CLOSED,CLOSED,CLOSED,CLOSED,OPEN,OPEN,CLOSED,OPEN,10,10.13,5.9,0.31,0.08,0.07,0.03,0.07,0.04,0.07,0.06,0.55,7.16,7.53,12.34,62.94,-1.79
4,Galvanized Loop,CLOSED,CLOSED,CLOSED,CLOSED,CLOSED,OPEN,OPEN,CLOSED,OPEN,10,10.17,5.66,0.38,0.07,0.06,0.03,0.08,0.05,0.07,0.07,0.42,5.28,5.56,9.59,63.24,-1.56
4,Galvanized Loop,CLOSED,CLOSED,CLOSED,CLOSED,CLOSED,OPEN,OPEN,CLOSED,OPEN,10,10.08,5.96,0.42,0.06,0.06,0.03,0.07,0.05,0.09,0.09,0.32,3.9,4.11,7.55,63.44,-1.43
4,Galvanized Loop,CLOSED,CLOSED,CLOSED,CLOSED,CLOSED,OPEN,OPEN,CLOSED,OPEN,10,9.65,7.05,0.45,0.06,0.05,0.03,0.06,0.04,0.08,0.08,0.24,2.88,3.03,6.02,63.55,-1.33
4,Galvanized Loop,CLOSED,CLOSED,CLOSED,CLOSED,CLOSED,OPEN,OPEN,CLOSED,OPEN,10,9.96,6.35,0.47,0.06,0.05,0.03,0.06,0.05,0.08,0.08,0.19,2.13,2.25,4.88,63.63,-1.25
4,Galvanized Loop,CLOSED,CLOSED,CLOSED,CLOSED,CLOSED,OPEN,OPEN,CLOSED,OPEN,10,9.98,8.36,0.47,0.05,0.05,0.03,0.08,0.06,0.09,0.09,0.14,1.58,1.67,4.05,63.76,-1.19
4,Galvanized Loop,CLOSED,CLOSED,CLOSED,CLOSED,CLOSED,OPEN,OPEN,CLOSED,OPEN,10,10.15,5.81,0.49,0.05,0.05,0.04,0.09,0.06,0.09,0.09,0.12,1.24,1.31,3.56,63.88,-1.19
5,SCH80 Loop,CLOSED,OPEN,CLOSED,CLOSED,CLOSED,CLOSED,OPEN,OPEN,CLOSED,10,13.87,6.98,2.84,0.23,0.19,0.16,0.19,0.12,0.16,0.16,0.08,0.06,0.07,16.31,52.23,-7.7
5,SCH80 Loop,CLOSED,OPEN,CLOSED,CLOSED,CLOSED,CLOSED,OPEN,OPEN,CLOSED,10,10.23,5.32,2.17,0.18,0.15,0.13,0.15,0.1,0.12,0.13,0.06,0.05,0.06,11.98,55.7,-5.81
5,SCH80 Loop,CLOSED,OPEN,CLOSED,CLOSED,CLOSED,CLOSED,OPEN,OPEN,CLOSED,10,10.13,4.63,1.7,0.17,0.12,0.1,0.13,0.08,0.1,0.1,0.06,0.05,0.05,8.97,57.91,-4.54
5,SCH80 Loop,CLOSED,OPEN,CLOSED,CLOSED,CLOSED,CLOSED,OPEN,OPEN,CLOSED,10,9.87,6.4,1.33,0.26,0.11,0.08,0.1,0.07,0.08,0.09,0.05,0.04,0.05,7.11,59.55,-3.6
5,SCH80 Loop,CLOSED,OPEN,CLOSED,CLOSED,CLOSED,CLOSED,OPEN,OPEN,CLOSED,10,10.21,4.9,1,0.31,0.1,0.07,0.1,0.06,0.08,0.09,0.05,0.03,0.05,5.66,60.75,-2.9
5,SCH80 Loop,CLOSED,OPEN,CLOSED,CLOSED,CLOSED,CLOSED,OPEN,OPEN,CLOSED,10,9.74,6.11,0.74,0.36,0.09,0.06,0.09,0.05,0.07,0.07,0.04,0.03,0.04,4.58,61.72,-2.4
5,SCH80 Loop,CLOSED,OPEN,CLOSED,CLOSED,CLOSED,CLOSED,OPEN,OPEN,CLOSED,10,10.06,5.51,0.56,0.4,0.08,0.06,0.1,0.06,0.07,0.07,0.03,0.03,0.04,3.77,62.31,-2
5,SCH80 Loop,CLOSED,OPEN,CLOSED,CLOSED,CLOSED,CLOSED,OPEN,OPEN,CLOSED,10,9.61,5.85,0.43,0.42,0.07,0.06,0.08,0.05,0.07,0.07,0.04,0.03,0.03,3.16,62.79,-1.72
5,SCH80 Loop,CLOSED,OPEN,CLOSED,CLOSED,CLOSED,CLOSED,OPEN,OPEN,CLOSED,10,9.83,5.86,0.32,0.42,0.06,0.05,0.08,0.04,0.06,0.06,0.03,0.03,0.03,2.69,63.17,-1.55
6,SCH40 Loop,CLOSED,CLOSED,OPEN,CLOSED,CLOSED,CLOSED,OPEN,OPEN,CLOSED,0,0,100,0.04,1.3,0.01,0.01,0,0.01,0.01,0.01,0.01,0.01,0.01,0,1.05,1.91
6,SCH40 Loop,CLOSED,CLOSED,OPEN,CLOSED,CLOSED,CLOSED,OPEN,OPEN,CLOSED,10,13.93,6.56,0.26,2.34,0.19,0.15,0.14,0.09,0.12,0.12,0.09,0.07,0.06,13.66,52.66,-7.35
6,SCH40 Loop,CLOSED,CLOSED,OPEN,CLOSED,CLOSED,CLOSED,OPEN,OPEN,CLOSED,10,9.88,5.7,0.2,1.78,0.19,0.12,0.12,0.07,0.1,0.09,0.06,0.06,0.05,10.14,55.68,-5.67
6,SCH40 Loop,CLOSED,CLOSED,OPEN,CLOSED,CLOSED,CLOSED,OPEN,OPEN,CLOSED,10,9.98,5.28,0.17,1.36,0.24,0.1,0.09,0.06,0.08,0.08,0.05,0.05,0.04,7.68,57.93,-4.46
6,SCH40 Loop,CLOSED,CLOSED,OPEN,CLOSED,CLOSED,CLOSED,OPEN,OPEN,CLOSED,10,9.82,5.6,0.14,1.08,0.26,0.09,0.08,0.06,0.08,0.07,0.05,0.04,0.04,6.15,59.24,-3.7
6,SCH40 Loop,CLOSED,CLOSED,OPEN,CLOSED,CLOSED,CLOSED,OPEN,OPEN,CLOSED,10,9.74,5.73,0.13,0.81,0.25,0.07,0.08,0.06,0.07,0.07,0.05,0.03,0.03,4.68,60.56,-3.01
6,SCH40 Loop,CLOSED,CLOSED,OPEN,CLOSED,CLOSED,CLOSED,OPEN,OPEN,CLOSED,10,10.32,4.31,0.11,0.6,0.29,0.06,0.08,0.06,0.07,0.07,0.04,0.04,0.03,3.6,61.45,-2.47
6,SCH40 Loop,CLOSED,CLOSED,OPEN,CLOSED,CLOSED,CLOSED,OPEN,OPEN,CLOSED,10,9.84,5.8,0.09,0.46,0.3,0.05,0.07,0.05,0.07,0.07,0.04,0.05,0.02,2.78,62.21,-2.12
6,SCH40 Loop,CLOSED,CLOSED,OPEN,CLOSED,CLOSED,CLOSED,OPEN,OPEN,CLOSED,10,10.11,5.38,0.08,0.35,0.31,0.05,0.07,0.05,0.06,0.06,0.04,0.05,0.02,2.18,62.73,-1.8
6,SCH40 Loop,CLOSED,CLOSED,OPEN,CLOSED,CLOSED,CLOSED,OPEN,OPEN,CLOSED,10,10.1,4.8,0.07,0.26,0.32,0.05,0.07,0.04,0.07,0.06,0.04,0.05,0.03,1.74,63.16,-1.6
6,SCH40 Loop,CLOSED,CLOSED,OPEN,CLOSED,CLOSED,CLOSED,OPEN,OPEN,CLOSED,10,10.37,4.15,0.07,0.2,0.32,0.04,0.08,0.05,0.08,0.06,0.04,0.04,0.03,1.39,63.37,-1.43
7,SCH40/SCH80,CLOSED,OPEN,OPEN,CLOSED,CLOSED,CLOSED,OPEN,OPEN,CLOSED,10,14.9,5.35,0.17,0.25,1.69,0.13,0.14,0.07,0.09,0.09,0.05,0.07,0.07,11.02,52.24,-7.56
7,SCH40/SCH80,CLOSED,OPEN,OPEN,CLOSED,CLOSED,CLOSED,OPEN,OPEN,CLOSED,10,10.47,4.32,0.14,0.19,1.33,0.11,0.12,0.06,0.08,0.07,0.04,0.06,0.06,8.17,55.4,-5.83
7,SCH40/SCH80,CLOSED,OPEN,OPEN,CLOSED,CLOSED,CLOSED,OPEN,OPEN,CLOSED,10,9.65,5.26,0.12,0.17,1.03,0.09,0.09,0.05,0.06,0.06,0.03,0.05,0.04,6.03,57.69,-4.54
7,SCH40/SCH80,CLOSED,OPEN,OPEN,CLOSED,CLOSED,CLOSED,OPEN,OPEN,CLOSED,10,9.79,4.71,0.1,0.15,0.77,0.08,0.07,0.04,0.05,0.05,0.03,0.04,0.04,4.31,59.52,-3.53
7,SCH40/SCH80,CLOSED,OPEN,OPEN,CLOSED,CLOSED,CLOSED,OPEN,OPEN,CLOSED,10,9.91,4.85,0.08,0.12,0.61,0.07,0.06,0.04,0.04,0.04,0.02,0.03,0.03,3.18,60.72,-2.81
7,SCH40/SCH80,CLOSED,OPEN,OPEN,CLOSED,CLOSED,CLOSED,OPEN,OPEN,CLOSED,10,9.69,5.07,0.06,0.1,0.52,0.06,0.05,0.03,0.04,0.04,0.02,0.02,0.03,2.34,61.63,-2.29
7,SCH40/SCH80,CLOSED,OPEN,OPEN,CLOSED,CLOSED,CLOSED,OPEN,OPEN,CLOSED,10,9.45,5.39,0.05,0.09,0.44,0.06,0.04,0.03,0.03,0.03,0.02,0.02,0.02,1.73,62.29,-1.95
7,SCH40/SCH80,CLOSED,OPEN,OPEN,CLOSED,CLOSED,CLOSED,OPEN,OPEN,CLOSED,10,10.15,4.37,0.05,0.09,0.35,0.05,0.04,0.02,0.03,0.03,0.02,0.02,0.03,1.27,62.8,-1.71
7,SCH40/SCH80,CLOSED,OPEN,OPEN,CLOSED,CLOSED,CLOSED,OPEN,OPEN,CLOSED,10,10.06,4.47,0.05,0.1,0.29,0.04,0.03,0.02,0.03,0.03,0.02,0.02,0.03,0.94,63.15,-1.49